{
    "rmse": 0.8256866610892117,
    "mae": 0.6757357790103906,
    "r2": 0.037395723858275165
}